image_name,label
2818955.jpg,3
2668362.jpg,3
2784225.jpg,3
2816917.jpg,3
2895517.jpg,3
2898650.jpg,3
2848235.jpg,3
2894444.jpg,3
2891022.jpg,3
905069.jpg,3
2800552.jpg,3
2874134.jpg,3
2888364.jpg,3
2786197.jpg,3
2835492.jpg,3
2066022.jpg,3
2595963.jpg,3
2794453.jpg,3
2623591.jpg,3
2814829.jpg,3
2847442.jpg,3
2798514.jpg,3
2898555.jpg,3
2816988.jpg,3
2843665.jpg,3
2122069.jpg,3
2806720.jpg,3
2817166.jpg,3
1514473.jpg,3
2806665.jpg,3
2798525.jpg,3
2788284.jpg,3
2837904.jpg,3
1174623.jpg,3
2888498.jpg,3
2892415.jpg,3
2819074.jpg,3
2900563.jpg,3
2874168.jpg,3
2895518.jpg,3
2875753.jpg,3
2788355.jpg,3
2849805.jpg,3
2902707.jpg,3
2794452.jpg,3
2788350.jpg,3
2851785.jpg,3
2190460.jpg,3
2567000.jpg,3
2898569.jpg,3
2902830.jpg,3
2868722.jpg,3
2865028.jpg,3
2839567.jpg,3
1901834.jpg,3
2802535.jpg,3
717942.jpg,3
2835478.jpg,3
2806775.jpg,2
2875427.jpg,3
2823056.jpg,3
2877795.jpg,3
2181985.jpg,3
1797133.jpg,3
2821038.jpg,3
2857983.jpg,3
1651833.jpg,3
2794325.jpg,3
2847807.jpg,3
2633989.jpg,3
2219507.jpg,3
2892508.jpg,3
2860037.jpg,3
2792319.jpg,3
2006104.jpg,3
2703516.jpg,3
2898592.jpg,3
2861112.jpg,3
2031805.jpg,3
2886458.jpg,3
2894535.jpg,3
2838370.jpg,3
2795268.jpg,3
1903348.jpg,3
2905375.jpg,3
2865241.jpg,3
2818952.jpg,3
2874121.jpg,3
2884316.jpg,3
1637858.jpg,3
1872455.jpg,3
2263658.jpg,3
2886468.jpg,2
2831406.jpg,3
2796421.jpg,2
2892394.jpg,3
2901540.jpg,3
2851842.jpg,3
2501677.jpg,3
2810837.jpg,3
2843870.jpg,3
2878275.jpg,3
2335819.jpg,3
2796427.jpg,3
2804664.jpg,3
2816894.jpg,3
2790306.jpg,3
2897110.jpg,3
2899716.jpg,3
2862631.jpg,3
2863937.jpg,3
1416997.jpg,3
2798481.jpg,3
2806102.jpg,3
2868055.jpg,3
1419637.jpg,3
2814952.jpg,3
2853886.jpg,3
2837635.jpg,3
2900421.jpg,3
2080311.jpg,3
2782122.jpg,3
2771851.jpg,3
1796428.jpg,3
2848822.jpg,3
2831337.jpg,3
1641596.jpg,3
2804760.jpg,2
2158882.jpg,3
2861612.jpg,3
2878224.jpg,3
1873382.jpg,3
2893146.jpg,3
2884841.jpg,3
2821206.jpg,3
2620121.jpg,3
2869020.jpg,3
2849888.jpg,3
2860180.jpg,3
2810834.jpg,3
943560.jpg,3
2870113.jpg,3
1784057.jpg,3
2884674.jpg,3
2862032.jpg,3
2872103.jpg,3
2775966.jpg,3
2821132.jpg,3
807046.jpg,3
2786269.jpg,3
2495600.jpg,3
2848234.jpg,3
2878233.jpg,3
2839111.jpg,3
2038316.jpg,3
2869064.jpg,3
2882291.jpg,3
2896538.jpg,3
2599513.jpg,3
2856707.jpg,3
679013.jpg,3
2821060.jpg,3
2758003.jpg,3
2829298.jpg,3
2841339.jpg,3
2858034.jpg,3
2373908.jpg,3
2831358.jpg,3
2856016.jpg,3
2379329.jpg,3
2697801.jpg,3
2814886.jpg,2
2818800.jpg,3
2891666.jpg,3
2800471.jpg,3
2890367.jpg,3
2849757.jpg,3
2837495.jpg,3
2856040.jpg,3
2900555.jpg,3
1396598.jpg,3
2825091.jpg,3
2896819.jpg,3
2838014.jpg,3
2850961.jpg,3
2862155.jpg,3
1447326.jpg,3
2788288.jpg,3
2852467.jpg,3
2782195.jpg,3
2713760.jpg,3
1736132.jpg,3
2235769.jpg,3
2821039.jpg,3
2901520.jpg,3
2839645.jpg,3
2790377.jpg,3
921004.jpg,3
2875348.jpg,3
2841645.jpg,3
2856043.jpg,3
2842611.jpg,3
2821108.jpg,3
2865549.jpg,3
2208112.jpg,3
645701.jpg,3
2841625.jpg,3
2812846.jpg,3
2884294.jpg,3
2882232.jpg,3
953982.jpg,3
2533979.jpg,3
2860043.jpg,2
1833263.jpg,3
1868917.jpg,3
2808795.jpg,3
2802611.jpg,3
2792330.jpg,3
1893492.jpg,3
2307973.jpg,3
2872183.jpg,3
2862170.jpg,3
2876011.jpg,3
2866013.jpg,3
2519876.jpg,3
1127236.jpg,3
2833312.jpg,3
2870066.jpg,3
2909310.jpg,3
2008187.jpg,3
2418213.jpg,3
2851907.jpg,3
2903675.jpg,3
2780006.jpg,3
2831303.jpg,3
2839513.jpg,3
1163874.jpg,3
2835437.jpg,3
2873204.jpg,3
2860148.jpg,3
2341151.jpg,2
2814877.jpg,3
952113.jpg,3
2897109.jpg,3
2815117.jpg,3
2888360.jpg,3
2902586.jpg,3
2817168.jpg,3
2878257.jpg,3
2868045.jpg,3
2864089.jpg,3
560394.jpg,3
2853950.jpg,3
2845764.jpg,3
2439008.jpg,3
640040.jpg,3
2857720.jpg,3
2853887.jpg,3
2890499.jpg,3
2873516.jpg,3
2851926.jpg,3
2853340.jpg,3
2713141.jpg,3
2864142.jpg,3
2620113.jpg,3
2855928.jpg,3
2128735.jpg,3
2790260.jpg,3
2886371.jpg,3
2868723.jpg,3
2892322.jpg,3
2849844.jpg,3
2850602.jpg,3
2860590.jpg,3
2862222.jpg,3
2860923.jpg,3
2896574.jpg,3
2868094.jpg,3
2584659.jpg,3
2870138.jpg,3
2788283.jpg,3
2880215.jpg,3
2143209.jpg,3
1588430.jpg,3
2827208.jpg,3
2542750.jpg,3
2821093.jpg,3
2843616.jpg,3
2802494.jpg,3
2800475.jpg,3
2804682.jpg,3
2843363.jpg,3
686160.jpg,3
2885110.jpg,3
2802610.jpg,3
1958103.jpg,3
2894799.jpg,3
2868074.jpg,3
1882244.jpg,3
2849915.jpg,3
2814887.jpg,3
2879765.jpg,3
2876630.jpg,3
2845714.jpg,3
2798455.jpg,3
2876107.jpg,3
2837439.jpg,3
2800570.jpg,3
2866085.jpg,3
864096.jpg,3
2366013.jpg,3
1689412.jpg,3
2904735.jpg,3
2825171.jpg,3
2802503.jpg,3
2900575.jpg,3
2819013.jpg,2
2880247.jpg,3
2778068.jpg,3
2845818.jpg,3
1980440.jpg,3
2874177.jpg,3
2876194.jpg,3
2844071.jpg,3
2888421.jpg,3
2875222.jpg,3
2825193.jpg,3
2780182.jpg,3
2878256.jpg,3
2784239.jpg,3
2798369.jpg,3
2870036.jpg,3
2782212.jpg,3
2851960.jpg,3
2237892.jpg,3
2892915.jpg,3
2896487.jpg,3
2792310.jpg,3
2841668.jpg,3
2349186.jpg,3
1488268.jpg,3
2896454.jpg,3
2866028.jpg,3
2804762.jpg,3
2867997.jpg,3
2798358.jpg,3
2890371.jpg,3
2143199.jpg,3
2894477.jpg,3
726222.jpg,3
2845823.jpg,3
2870670.jpg,3
2898613.jpg,3
2829347.jpg,3
2784235.jpg,3
2844797.jpg,3
2862605.jpg,3
2896465.jpg,3
2876166.jpg,3
2835399.jpg,3
2816971.jpg,3
2816933.jpg,3
2876715.jpg,3
1400092.jpg,3
2886367.jpg,3
2825094.jpg,3
2876180.jpg,3
2856017.jpg,3
2808683.jpg,3
2884554.jpg,3
2800489.jpg,3
2827243.jpg,3
2843734.jpg,3
2450524.jpg,3
2878875.jpg,3
2170813.jpg,3
2818915.jpg,2
2843641.jpg,3
2896578.jpg,3
2782139.jpg,2
2876174.jpg,3
2002178.jpg,3
2898589.jpg,3
881579.jpg,3
2790230.jpg,3
2279706.jpg,3
2888433.jpg,3
2674151.jpg,3
2900285.jpg,3
2895780.jpg,3
2898578.jpg,3
2804617.jpg,3
2878273.jpg,3
2825219.jpg,3
2804764.jpg,3
2806745.jpg,3
2884624.jpg,3
1689358.jpg,2
2866258.jpg,3
2816981.jpg,3
2837606.jpg,3
1868580.jpg,3
834991.jpg,3
2800465.jpg,3
948344.jpg,3
2812845.jpg,3
1798175.jpg,3
2831443.jpg,3
1368439.jpg,3
2829440.jpg,3
2782251.jpg,3
2843722.jpg,3
2810782.jpg,3
2782211.jpg,3
739520.jpg,3
834998.jpg,3
2862160.jpg,3
2814943.jpg,3
2812930.jpg,3
2544608.jpg,3
2792307.jpg,3
2846254.jpg,3
2887546.jpg,3
2829389.jpg,3
2849898.jpg,3
2800530.jpg,3
2883336.jpg,3
2819062.jpg,3
2850411.jpg,3
1899080.jpg,3
2877350.jpg,3
2839553.jpg,3
2890616.jpg,3
2782255.jpg,3
2827133.jpg,3
2778092.jpg,3
2367164.jpg,3
2802493.jpg,2
1641483.jpg,3
2831293.jpg,3
2884431.jpg,3
2822060.jpg,3
2744724.jpg,3
2894479.jpg,3
1412936.jpg,3
2853324.jpg,3
2837631.jpg,3
2839719.jpg,3
1634254.jpg,3
2828015.jpg,3
1798818.jpg,3
2847444.jpg,3
2821164.jpg,3
2790347.jpg,3
2874182.jpg,3
2902555.jpg,3
2064877.jpg,3
2904663.jpg,3
2891770.jpg,3
2010304.jpg,3
2831398.jpg,3
2784271.jpg,3
2796482.jpg,3
2835500.jpg,3
2872085.jpg,3
1352852.jpg,3
2796340.jpg,3
1252407.jpg,3
2898532.jpg,3
2873518.jpg,3
2874075.jpg,3
2800574.jpg,3
2842786.jpg,3
2798365.jpg,3
2804743.jpg,3
2854008.jpg,3
2865253.jpg,3
2707617.jpg,3
1893078.jpg,3
2237388.jpg,3
2645804.jpg,3
2418215.jpg,3
2670255.jpg,3
2794384.jpg,3
2833397.jpg,3
2855864.jpg,3
2122560.jpg,3
1263061.jpg,3
2652720.jpg,3
2810542.jpg,3
672057.jpg,3
2692644.jpg,3
2821049.jpg,3
2802630.jpg,3
2800567.jpg,3
2784172.jpg,3
2894536.jpg,3
1672063.jpg,3
2867932.jpg,3
2851941.jpg,3
2782242.jpg,3
772783.jpg,3
2843766.jpg,3
2888444.jpg,2
2868481.jpg,3
2798424.jpg,3
2780178.jpg,3
2845804.jpg,3
2896444.jpg,3
2842483.jpg,3
2848829.jpg,3
2692107.jpg,3
676133.jpg,3
1162765.jpg,3
2902797.jpg,3
2888425.jpg,3
2902019.jpg,3
2810840.jpg,3
2804719.jpg,3
2491765.jpg,3
2844911.jpg,3
2837629.jpg,3
2866026.jpg,3
2807636.jpg,3
2825180.jpg,3
2824361.jpg,3
2902623.jpg,3
2788339.jpg,3
2687595.jpg,3
2821079.jpg,3
2852369.jpg,3
2894541.jpg,3
2792312.jpg,3
2511204.jpg,3
2806629.jpg,3
2858452.jpg,3
2806722.jpg,3
2823168.jpg,3
2900651.jpg,3
1718156.jpg,3
2823103.jpg,3
2802614.jpg,3
638399.jpg,3
2874360.jpg,3
2808757.jpg,3
2902607.jpg,3
2842112.jpg,3
2892383.jpg,3
2843743.jpg,3
1783433.jpg,3
2696865.jpg,3
2866108.jpg,3
2669740.jpg,3
2827201.jpg,3
2884345.jpg,3
2822818.jpg,3
2856073.jpg,3
2784295.jpg,3
2710650.jpg,3
2892530.jpg,3
2851289.jpg,3
2812759.jpg,3
2847764.jpg,3
2782143.jpg,3
2900593.jpg,3
2843636.jpg,3
2792284.jpg,3
2825243.jpg,3
2812879.jpg,3
2864135.jpg,3
776579.jpg,3
2839548.jpg,3
2835519.jpg,3
2831390.jpg,3
2821165.jpg,3
2668364.jpg,3
2860099.jpg,3
2882218.jpg,3
2790314.jpg,3
2878319.jpg,3
2835464.jpg,3
2878493.jpg,3
2788248.jpg,4
763524.jpg,3
2847819.jpg,3
2784223.jpg,3
2728638.jpg,3
2821167.jpg,3
2806659.jpg,3
2887924.jpg,3
2837154.jpg,3
2869221.jpg,3
2898559.jpg,3
2730607.jpg,3
2794393.jpg,3
1548062.jpg,3
2843738.jpg,3
2786121.jpg,3
2804765.jpg,3
2864990.jpg,3
2814863.jpg,3
2641921.jpg,3
2062572.jpg,3
2816872.jpg,3
2888451.jpg,3
2896565.jpg,3
2868040.jpg,3
2877963.jpg,3
2902698.jpg,3
2513005.jpg,3
2835455.jpg,3
2800542.jpg,3
2839593.jpg,3
2896509.jpg,3
2661528.jpg,3
2780176.jpg,3
2807429.jpg,3
2888391.jpg,3
2859430.jpg,3
2826673.jpg,3
2849897.jpg,3
2800430.jpg,3
2904654.jpg,3
2902685.jpg,3
2792432.jpg,3
2900663.jpg,3
2796393.jpg,3
2858107.jpg,3
2843625.jpg,3
2869352.jpg,3
2848831.jpg,3
2816915.jpg,3
1694521.jpg,3
2852408.jpg,3
2887925.jpg,3
2855989.jpg,3
2847753.jpg,3
2891293.jpg,3
2872234.jpg,3
2844067.jpg,3
2780162.jpg,3
1131990.jpg,4
2825162.jpg,3
2866068.jpg,2
2804684.jpg,3
2810737.jpg,3
2908879.jpg,3
2748659.jpg,3
2703509.jpg,3
2804723.jpg,3
2790255.jpg,3
2879776.jpg,3
2903449.jpg,3
2868616.jpg,3
2880816.jpg,3
2888409.jpg,3
2784253.jpg,3
2004193.jpg,3
2874060.jpg,3
2312089.jpg,3
2666655.jpg,3
2902696.jpg,3
2851878.jpg,3
2810739.jpg,3
2860038.jpg,3
1865955.jpg,3
1115492.jpg,3
2408178.jpg,3
2841612.jpg,3
2798527.jpg,3
2210948.jpg,3
2870091.jpg,3
2874038.jpg,3
2894452.jpg,3
2837607.jpg,3
2892016.jpg,3
2902591.jpg,3
2858880.jpg,3
2823076.jpg,3
2899632.jpg,3
2859432.jpg,3
2784227.jpg,3
2370432.jpg,3
2885081.jpg,3
2080801.jpg,3
2802558.jpg,3
670840.jpg,3
2909487.jpg,3
2831376.jpg,3
2837523.jpg,3
2030588.jpg,3
2806707.jpg,3
625354.jpg,3
2782235.jpg,3
2849813.jpg,3
2831446.jpg,2
2860285.jpg,3
2864126.jpg,3
2902692.jpg,3
2902037.jpg,3
2866003.jpg,3
2837990.jpg,3
2849748.jpg,3
2847821.jpg,3
2816949.jpg,3
949997.jpg,4
2862632.jpg,3
2835376.jpg,3
2902579.jpg,3
2780679.jpg,3
2782216.jpg,3
2863061.jpg,3
2874137.jpg,3
2839110.jpg,3
2804517.jpg,3
2900551.jpg,3
2782262.jpg,3
2845769.jpg,3
2837617.jpg,3
2687195.jpg,3
2841705.jpg,3
2876159.jpg,3
2835378.jpg,3
2802654.jpg,2
2825154.jpg,3
2837614.jpg,3
2816843.jpg,3
2818891.jpg,3
2784213.jpg,3
2887207.jpg,3
2849785.jpg,3
2794403.jpg,3
2891313.jpg,3
2804613.jpg,3
2833308.jpg,3
2853957.jpg,3
2851882.jpg,3
2338417.jpg,3
2816800.jpg,3
2904716.jpg,3
2890360.jpg,3
2858939.jpg,3
2858103.jpg,3
2809399.jpg,3
2843721.jpg,3
2890457.jpg,3
2892520.jpg,3
1072861.jpg,3
2841603.jpg,3
913261.jpg,3
2852455.jpg,3
2904728.jpg,3
2175708.jpg,3
1936086.jpg,3
2860116.jpg,3
2842494.jpg,3
2802496.jpg,3
2885396.jpg,3
2849885.jpg,3
2818970.jpg,3
2835520.jpg,3
2802600.jpg,3
2869056.jpg,3
2855294.jpg,3
2882374.jpg,3
2886483.jpg,3
2845732.jpg,3
2849849.jpg,3
677562.jpg,3
2798491.jpg,3
2884625.jpg,3
2852466.jpg,3
2896603.jpg,3
2780200.jpg,3
2848501.jpg,3
2894485.jpg,3
2855994.jpg,3
1641487.jpg,3
2659840.jpg,3
2904731.jpg,3
2883238.jpg,3
2862078.jpg,3
2891213.jpg,3
2870076.jpg,3
1382476.jpg,3
2841877.jpg,3
1244690.jpg,3
2839634.jpg,3
2784265.jpg,3
2782270.jpg,3
2214118.jpg,3
2806740.jpg,3
2870910.jpg,3
2837627.jpg,3
2855974.jpg,3
2882835.jpg,3
2816875.jpg,3
2808829.jpg,3
2904598.jpg,3
2852615.jpg,3
2188103.jpg,3
2815303.jpg,3
1817270.jpg,3
2668080.jpg,3
2669359.jpg,3
2874185.jpg,3
1153400.jpg,3
2807457.jpg,3
2866661.jpg,3
2364723.jpg,3
2806709.jpg,2
2837125.jpg,3
2839617.jpg,3
2669738.jpg,3
2835512.jpg,3
2855991.jpg,3
2802649.jpg,3
2804766.jpg,3
2605012.jpg,3
2869219.jpg,3
1831988.jpg,3
2810771.jpg,3
2855956.jpg,3
2779977.jpg,3
2864105.jpg,3
2741178.jpg,3
2882184.jpg,3
2900408.jpg,3
2859993.jpg,3
2841692.jpg,3
622359.jpg,3
2845778.jpg,3
2728882.jpg,3
2868103.jpg,3
2877213.jpg,3
2837848.jpg,3
1643117.jpg,3
2835511.jpg,3
2866038.jpg,3
2839657.jpg,3
2856009.jpg,3
2876640.jpg,3
606852.jpg,3
2851837.jpg,3
672451.jpg,3
2816983.jpg,3
1203926.jpg,3
2796376.jpg,3
2790235.jpg,3
2812817.jpg,3
2798392.jpg,3
2839566.jpg,3
2870037.jpg,3
2835361.jpg,3
2892391.jpg,3
2877805.jpg,3
2829351.jpg,3
2890361.jpg,3
2894464.jpg,3
2896572.jpg,3
2818938.jpg,3
2810860.jpg,3
2796497.jpg,3
2843610.jpg,3
2788245.jpg,3
2788225.jpg,3
2702021.jpg,3
2818895.jpg,3
2818980.jpg,3
2858006.jpg,3
2800421.jpg,3
2851320.jpg,3
1162763.jpg,3
2833415.jpg,3
2893853.jpg,3
657719.jpg,3
2747304.jpg,3
2802031.jpg,3
1557671.jpg,3
2798465.jpg,3
2790291.jpg,3
1896150.jpg,3
2855993.jpg,3
2764353.jpg,3
2156459.jpg,3
2784249.jpg,3
2886437.jpg,3
2852463.jpg,3
2806616.jpg,3
2839546.jpg,3
2847788.jpg,3
2837604.jpg,3
2782175.jpg,2
2833398.jpg,3
2217931.jpg,3
2837729.jpg,3
2160809.jpg,3
2900632.jpg,3
2898643.jpg,3
2876262.jpg,3
2845762.jpg,3
2901733.jpg,3
2894523.jpg,3
2902672.jpg,3
2841732.jpg,3
2874109.jpg,3
2868033.jpg,3
2847533.jpg,3
2902584.jpg,3
2842509.jpg,3
2876219.jpg,3
2691286.jpg,3
2842492.jpg,3
2802502.jpg,3
2898556.jpg,3
2831284.jpg,3
2900564.jpg,3
2849853.jpg,3
1467289.jpg,3
1874363.jpg,3
2794383.jpg,3
2823117.jpg,3
2346157.jpg,3
2782140.jpg,3
2870048.jpg,3
2900561.jpg,3
2890286.jpg,3
2902383.jpg,3
2208427.jpg,3
2874124.jpg,3
2331507.jpg,3
2829377.jpg,3
2826040.jpg,3
2536248.jpg,3
2864235.jpg,3
2814954.jpg,3
2823162.jpg,3
2903670.jpg,3
2886329.jpg,3
2788196.jpg,3
680883.jpg,3
2878192.jpg,3
2870031.jpg,3
2888449.jpg,3
2896521.jpg,3
2831265.jpg,3
2853968.jpg,3
2778130.jpg,3
2806725.jpg,3
2782155.jpg,3
2866109.jpg,3
2861840.jpg,3
2812836.jpg,3
2888486.jpg,3
2851931.jpg,3
2827217.jpg,3
2827253.jpg,3
2903623.jpg,3
2808798.jpg,3
2856037.jpg,3
2835522.jpg,3
2896839.jpg,3
2854017.jpg,3
2861717.jpg,3
2818922.jpg,3
2682507.jpg,3
2812896.jpg,3
2883245.jpg,3
2881750.jpg,3
2802636.jpg,3
1836188.jpg,3
2894009.jpg,3
2585933.jpg,3
2833412.jpg,3
2862031.jpg,3
905067.jpg,3
654191.jpg,3
2790259.jpg,3
1904107.jpg,3
2850553.jpg,3
2892519.jpg,3
2845729.jpg,3
2501335.jpg,3
2825264.jpg,3
1652226.jpg,3
2670248.jpg,3
2782213.jpg,3
949999.jpg,3
2904228.jpg,2
2629639.jpg,3
2843608.jpg,3
2884340.jpg,3
2852468.jpg,3
2780682.jpg,3
1311396.jpg,3
2840817.jpg,3
1882755.jpg,3
2812819.jpg,3
2860174.jpg,3
2812854.jpg,3
2872030.jpg,3
2736149.jpg,3
2833328.jpg,3
930293.jpg,3
2816846.jpg,3
2851964.jpg,3
2843723.jpg,3
2860330.jpg,3
2818941.jpg,3
2809929.jpg,3
2896818.jpg,3
2864122.jpg,3
2865679.jpg,3
2841664.jpg,3
2796377.jpg,3
2884434.jpg,3
2555514.jpg,3
2837563.jpg,3
2900546.jpg,3
2802608.jpg,3
2887206.jpg,3
2897179.jpg,3
2833402.jpg,3
2900704.jpg,3
2584655.jpg,3
2860145.jpg,3
2807929.jpg,3
2335458.jpg,3
2900706.jpg,3
2792386.jpg,3
2892528.jpg,3
2715511.jpg,3
2907009.jpg,3
2812855.jpg,3
2847766.jpg,3
2788300.jpg,3
2707681.jpg,3
619972.jpg,3
2804746.jpg,3
2860051.jpg,3
2798410.jpg,3
2812767.jpg,3
2872100.jpg,3
2883299.jpg,3
2812801.jpg,3
2878483.jpg,3
2840647.jpg,3
2896513.jpg,3
2902634.jpg,3
2788221.jpg,3
2894488.jpg,3
2894546.jpg,3
2819085.jpg,3
2818908.jpg,3
2195851.jpg,3
2898544.jpg,3
2855683.jpg,3
2878228.jpg,3
2859428.jpg,3
2397813.jpg,3
702094.jpg,3
2888492.jpg,3
2829880.jpg,3
2823092.jpg,3
2784236.jpg,3
1125700.jpg,3
1489241.jpg,3
2876163.jpg,3
2847639.jpg,3
2831459.jpg,3
2847731.jpg,3
2903630.jpg,3
2871199.jpg,3
2875467.jpg,3
2818928.jpg,2
2839755.jpg,3
2872163.jpg,3
2898696.jpg,3
2864085.jpg,3
2864136.jpg,3
2880219.jpg,3
2814898.jpg,3
2863014.jpg,3
2866022.jpg,3
2866367.jpg,3
2798436.jpg,3
2794432.jpg,3
2853949.jpg,3
717899.jpg,3
2743445.jpg,3
1296498.jpg,3
2798451.jpg,3
2788224.jpg,3
2880357.jpg,3
636292.jpg,3
2892544.jpg,3
2858779.jpg,3
2837599.jpg,3
2890471.jpg,3
2784187.jpg,3
2861728.jpg,3
2868153.jpg,3
2841703.jpg,3
2816869.jpg,3
2841663.jpg,3
2888428.jpg,3
2733111.jpg,3
2841587.jpg,3
2856697.jpg,3
2849779.jpg,3
2796433.jpg,3
2835413.jpg,3
2709243.jpg,3
2800445.jpg,3
670162.jpg,3
2909477.jpg,3
2863181.jpg,3
2816945.jpg,3
2810815.jpg,3
2859431.jpg,3
723692.jpg,3
2831447.jpg,3
2822790.jpg,3
2839510.jpg,3
2620122.jpg,3
2848422.jpg,3
2833351.jpg,3
2800098.jpg,3
2874118.jpg,3
2880218.jpg,3
2721389.jpg,3
2871043.jpg,3
2841581.jpg,3
2827190.jpg,3
2835422.jpg,3
2833325.jpg,3
2807424.jpg,3
2851942.jpg,3
1905561.jpg,3
2864134.jpg,3
2784289.jpg,3
2792376.jpg,3
2888772.jpg,3
2884293.jpg,3
2849833.jpg,3
2837306.jpg,3
2837582.jpg,3
2844477.jpg,3
2816902.jpg,3
2814963.jpg,3
2892422.jpg,3
2903735.jpg,3
2860817.jpg,3
2825132.jpg,3
2888487.jpg,3
2870045.jpg,3
2900528.jpg,3
2547588.jpg,3
1901619.jpg,3
2863498.jpg,3
2862917.jpg,3
2180725.jpg,3
2845816.jpg,3
2829247.jpg,3
2788343.jpg,3
2907709.jpg,3
2829373.jpg,3
2889217.jpg,3
2901960.jpg,3
2786159.jpg,3
2812772.jpg,3
2849895.jpg,3
2880338.jpg,3
2841593.jpg,3
2807422.jpg,2
726231.jpg,3
626289.jpg,3
2870051.jpg,3
951046.jpg,3
2862608.jpg,3
2864102.jpg,3
2886336.jpg,3
2812807.jpg,3
2866530.jpg,3
2557939.jpg,3
2424848.jpg,3
1504422.jpg,3
2804605.jpg,3
2780029.jpg,3
739608.jpg,3
2902702.jpg,3
2891511.jpg,3
2819051.jpg,3
2614761.jpg,3
2874123.jpg,2
2880239.jpg,3
2823227.jpg,3
1875887.jpg,3
2794344.jpg,3
2794382.jpg,3
2827161.jpg,3
2819018.jpg,3
2838412.jpg,3
2280533.jpg,3
2810816.jpg,3
2826666.jpg,3
2870044.jpg,3
2145684.jpg,3
2872151.jpg,2
1186207.jpg,3
2732660.jpg,3
2904647.jpg,3
633665.jpg,3
2849795.jpg,3
2824316.jpg,3
2786163.jpg,3
2696832.jpg,3
2300380.jpg,3
2855710.jpg,3
2903479.jpg,3
2806712.jpg,3
2886481.jpg,3
2829403.jpg,3
2866061.jpg,3
2808678.jpg,3
2705257.jpg,3
2821126.jpg,3
2904908.jpg,3
2868106.jpg,3
2581882.jpg,3
1915448.jpg,3
2892502.jpg,3
2806749.jpg,3
2886349.jpg,3
2808758.jpg,3
2903463.jpg,3
2827212.jpg,3
2829290.jpg,3
2904665.jpg,3
2872056.jpg,3
2897300.jpg,3
1982219.jpg,3
2800440.jpg,3
2851948.jpg,3
2810749.jpg,3
2874775.jpg,3
2862173.jpg,3
2816801.jpg,3
2492390.jpg,3
1458560.jpg,3
2903514.jpg,3
2839539.jpg,3
2792363.jpg,3
2849910.jpg,3
2904712.jpg,3
2300382.jpg,3
2796347.jpg,3
2780052.jpg,3
2786223.jpg,3
2840737.jpg,3
2800447.jpg,3
2837584.jpg,3
2812924.jpg,3
2841611.jpg,3
2829330.jpg,3
2878108.jpg,3
1653343.jpg,3
2892389.jpg,3
2843667.jpg,3
2726582.jpg,3
2806772.jpg,3
2868331.jpg,3
2788257.jpg,3
2810868.jpg,3
1892832.jpg,3
2818919.jpg,3
2894585.jpg,3
656741.jpg,3
2870033.jpg,3
2810895.jpg,3
2796385.jpg,3
2841733.jpg,3
2851895.jpg,3
2896555.jpg,3
2850224.jpg,3
2892392.jpg,3
2656373.jpg,3
2888503.jpg,3
2788341.jpg,3
2866459.jpg,3
2649216.jpg,3
2118076.jpg,3
2865888.jpg,3
2904601.jpg,3
2845734.jpg,3
2689595.jpg,3
2892384.jpg,3
2806784.jpg,3
2899416.jpg,3
2862162.jpg,3
1905582.jpg,3
2816922.jpg,3
2896537.jpg,3
2886438.jpg,3
2786213.jpg,3
2826669.jpg,3
2800585.jpg,3
2868030.jpg,3
2800510.jpg,3
1130300.jpg,3
2872055.jpg,3
2874103.jpg,3
2893276.jpg,3
2566668.jpg,3
2784218.jpg,3
2872140.jpg,2
2839601.jpg,3
2860165.jpg,3
2821176.jpg,3
1689339.jpg,3
2792420.jpg,3
2839627.jpg,3
677230.jpg,3
2851804.jpg,3
2789486.jpg,3
2843732.jpg,3
2855957.jpg,3
2889246.jpg,3
2862137.jpg,3
2843719.jpg,3
2837989.jpg,3
690988.jpg,4
2899489.jpg,3
2347374.jpg,3
2831286.jpg,3
2875056.jpg,3
2827132.jpg,3
2735279.jpg,3
1833418.jpg,3
2833375.jpg,3
2814889.jpg,3
2894800.jpg,3
2796481.jpg,3
2894543.jpg,3
2837583.jpg,3
2860264.jpg,3
2831377.jpg,3
2841627.jpg,3
2885795.jpg,3
2902677.jpg,3
2827257.jpg,3
2833334.jpg,3
2855045.jpg,3
2087688.jpg,3
2870057.jpg,3
2812811.jpg,3
2808977.jpg,3
2890440.jpg,3
2778088.jpg,3
2876188.jpg,3
2818889.jpg,3
2892538.jpg,3
2880213.jpg,2
2879743.jpg,3
2852474.jpg,3
1771316.jpg,3
2866036.jpg,3
2868003.jpg,3
2788332.jpg,3
2894642.jpg,3
573909.jpg,3
2868047.jpg,3
2784196.jpg,3
2865027.jpg,3
1557652.jpg,3
2872135.jpg,3
2880252.jpg,3
2847161.jpg,3
2866023.jpg,3
2904608.jpg,3
2516427.jpg,2
2878171.jpg,3
2822522.jpg,3
944853.jpg,3
1098766.jpg,3
2895987.jpg,3
1609535.jpg,3
2131397.jpg,3
2853967.jpg,3
2898508.jpg,3
2844372.jpg,3
2892064.jpg,3
2692197.jpg,3
2802501.jpg,3
2900311.jpg,3
2415153.jpg,3
2838084.jpg,3
2884380.jpg,3
2861356.jpg,3
2421538.jpg,3
2880785.jpg,3
2880254.jpg,3
1386041.jpg,3
2860049.jpg,3
2888476.jpg,3
2875832.jpg,3
2875153.jpg,3
1097264.jpg,3
2896582.jpg,3
1826311.jpg,3
2851030.jpg,3
2804618.jpg,3
2890491.jpg,3
2674161.jpg,3
2786217.jpg,3
1942198.jpg,3
2863437.jpg,3
2804756.jpg,3
2898590.jpg,3
1141996.jpg,3
2883805.jpg,3
1585023.jpg,3
1123736.jpg,3
2856419.jpg,3
2856022.jpg,3
2884344.jpg,3
2825958.jpg,3
2894505.jpg,3
2796372.jpg,3
2883860.jpg,3
2908394.jpg,3
2823123.jpg,3
2360965.jpg,3
1972148.jpg,3
1903824.jpg,3
2870135.jpg,2
2842676.jpg,3
2810880.jpg,3
2741688.jpg,3
2812746.jpg,3
2841719.jpg,3
2861357.jpg,3
2882224.jpg,3
2904729.jpg,3
2882160.jpg,3
2839505.jpg,3
1417878.jpg,3
1145082.jpg,3
2695711.jpg,3
2860943.jpg,3
2810562.jpg,3
628613.jpg,3
2843619.jpg,3
2907707.jpg,3
2780170.jpg,3
2334595.jpg,3
2870012.jpg,3
1444369.jpg,3
2891030.jpg,3
2800491.jpg,3
2898637.jpg,3
2868155.jpg,3
2838372.jpg,3
2780211.jpg,3
2865548.jpg,3
2843683.jpg,3
2895140.jpg,3
2894446.jpg,3
2102360.jpg,3
1837446.jpg,3
2892949.jpg,3
2816841.jpg,3
2831460.jpg,3
2870659.jpg,3
2835370.jpg,3
2780201.jpg,3
2894463.jpg,3
2868862.jpg,3
2856005.jpg,3
2854007.jpg,3
2845756.jpg,3
2809175.jpg,3
2877375.jpg,3
1244768.jpg,3
2819014.jpg,3
2798490.jpg,3
619974.jpg,3
2839582.jpg,3
2423867.jpg,3
2023086.jpg,3
2794360.jpg,3
2074215.jpg,3
2827264.jpg,3
1495100.jpg,3
1440681.jpg,3
2877553.jpg,3
2851910.jpg,3
2820687.jpg,3
2827255.jpg,3
2835369.jpg,3
2850066.jpg,3
2636059.jpg,3
2851786.jpg,3
2900598.jpg,3
2810736.jpg,3
2880255.jpg,3
2845553.jpg,3
2796495.jpg,3
2810772.jpg,3
2856045.jpg,3
1193420.jpg,3
629724.jpg,3
1101145.jpg,3
2776364.jpg,3
2804501.jpg,3
2880316.jpg,3
2780084.jpg,3
2833386.jpg,3
1943575.jpg,3
2846043.jpg,3
709324.jpg,3
2902876.jpg,3
2876587.jpg,3
2773620.jpg,3
2812929.jpg,3
2809690.jpg,3
2818909.jpg,3
1810516.jpg,3
2860164.jpg,3
1250078.jpg,3
2892500.jpg,3
2849900.jpg,3
2884543.jpg,3
2782241.jpg,3
2366332.jpg,3
2132222.jpg,3
2827173.jpg,3
2833385.jpg,3
2884333.jpg,3
2904595.jpg,3
2720152.jpg,3
2708321.jpg,3
1114371.jpg,3
2870148.jpg,3
2896604.jpg,3
2740839.jpg,3
2859175.jpg,3
2812837.jpg,3
2886856.jpg,3
2888431.jpg,3
1124946.jpg,3
2046476.jpg,3
2885115.jpg,3
2880211.jpg,3
2863540.jpg,3
2849802.jpg,3
2892472.jpg,3
2854065.jpg,3
2893265.jpg,3
2792283.jpg,3
1940395.jpg,3
2851892.jpg,3
1694762.jpg,3
2862037.jpg,3
2786250.jpg,3
2845837.jpg,3
2788194.jpg,3
2839577.jpg,3
2872094.jpg,3
2874171.jpg,3
2866132.jpg,2
928066.jpg,3
1645622.jpg,3
2851894.jpg,3
2825207.jpg,3
2835498.jpg,3
2829289.jpg,3
2825196.jpg,3
2892439.jpg,3
2872291.jpg,3
2649218.jpg,3
2500253.jpg,3
2800526.jpg,3
2836809.jpg,3
2807578.jpg,3
2894484.jpg,3
2833455.jpg,3
2513901.jpg,3
2877552.jpg,3
2786249.jpg,3
2885363.jpg,3
2812932.jpg,3
2831359.jpg,3
2840922.jpg,3
2633994.jpg,3
2866092.jpg,3
2810777.jpg,3
2756816.jpg,3
2823182.jpg,3
2847811.jpg,3
2870626.jpg,3
2810881.jpg,3
2892543.jpg,3
2898518.jpg,3
2851921.jpg,3
2868078.jpg,3
2711116.jpg,3
2829381.jpg,3
2857715.jpg,3
2831415.jpg,3
2861541.jpg,3
2833464.jpg,3
2367161.jpg,3
2426785.jpg,3
2864024.jpg,3
2856031.jpg,3
2890526.jpg,3
2827135.jpg,3
2873049.jpg,3
2818940.jpg,3
2872361.jpg,3
2145067.jpg,3
2792402.jpg,3
2870121.jpg,3
2154234.jpg,3
1951775.jpg,3
2823238.jpg,3
2762069.jpg,3
2892414.jpg,3
2821099.jpg,3
2875213.jpg,3
2902611.jpg,3
2839367.jpg,3
2896564.jpg,3
2898531.jpg,3
2807078.jpg,3
2849792.jpg,3
2839595.jpg,3
1229806.jpg,3
2833420.jpg,3
2810738.jpg,3
2865521.jpg,3
2818953.jpg,3
2782147.jpg,3
2681398.jpg,3
2823110.jpg,3
2862033.jpg,3
2890453.jpg,3
2860258.jpg,3
1884624.jpg,3
2792384.jpg,2
2782161.jpg,3
2677722.jpg,3
2845674.jpg,3
2884533.jpg,3
2835406.jpg,3
2526098.jpg,3
2702069.jpg,3
2878764.jpg,3
2829339.jpg,3
1436973.jpg,3
2820305.jpg,3
2827169.jpg,3
2016356.jpg,3
2902627.jpg,3
2866646.jpg,3
2720154.jpg,3
1697452.jpg,3
2888436.jpg,2
2804712.jpg,3
2845783.jpg,3
2845814.jpg,3
2837625.jpg,3
2872157.jpg,2
2747460.jpg,3
2204759.jpg,3
2471020.jpg,3
2555517.jpg,3
2816844.jpg,3
1007700.jpg,3
2788255.jpg,3
2890463.jpg,3
626655.jpg,3
2842681.jpg,3
1547779.jpg,3
2367877.jpg,3
2854006.jpg,3
2880300.jpg,3
1991236.jpg,3
2827244.jpg,3
2800595.jpg,3
2784283.jpg,3
2851827.jpg,3
1796007.jpg,3
2808791.jpg,3
2080062.jpg,3
2794351.jpg,3
2814935.jpg,3
2839549.jpg,3
2784155.jpg,3
2782208.jpg,3
2898641.jpg,3
634629.jpg,4
2904651.jpg,3
2884531.jpg,3
2890387.jpg,3
2254053.jpg,3
2864028.jpg,3
1672126.jpg,3
1414715.jpg,3
2095187.jpg,3
2796342.jpg,3
2159094.jpg,3
2829322.jpg,3
2718775.jpg,3
2902577.jpg,3
2796336.jpg,3
2807431.jpg,3
2812822.jpg,3
2859404.jpg,3
2884558.jpg,3
2847590.jpg,3
2891604.jpg,3
2833456.jpg,3
2814814.jpg,3
2835408.jpg,3
2041039.jpg,3
2864215.jpg,3
2841695.jpg,3
2821169.jpg,3
2814822.jpg,3
2841562.jpg,3
2794319.jpg,3
2812790.jpg,3
2874172.jpg,3
2851929.jpg,3
2890617.jpg,3
2829252.jpg,3
2909479.jpg,3
2844230.jpg,3
2829224.jpg,3
2849818.jpg,3
2868100.jpg,3
2880225.jpg,3
2888455.jpg,3
2872108.jpg,3
2839642.jpg,3
2800448.jpg,3
2904715.jpg,3
630578.jpg,3
2873053.jpg,3
2884542.jpg,3
2800584.jpg,3
2804592.jpg,3
2816868.jpg,3
2872041.jpg,3
2852469.jpg,3
2804643.jpg,3
2882262.jpg,3
2872091.jpg,3
567270.jpg,3
2379336.jpg,3
2841728.jpg,3
2890406.jpg,3
949995.jpg,3
2372556.jpg,3
2837296.jpg,3
2861413.jpg,3
2814144.jpg,3
2871438.jpg,3
1334848.jpg,3
2418210.jpg,3
2816870.jpg,3
2902636.jpg,3
2868025.jpg,3
2808660.jpg,3
2876136.jpg,3
2165627.jpg,3
2847801.jpg,3
2880330.jpg,3
2798480.jpg,3
2816962.jpg,3
1069397.jpg,3
2844196.jpg,3
2878186.jpg,3
2792339.jpg,3
2870428.jpg,3
1781636.jpg,3
1935958.jpg,3
2845782.jpg,3
2847685.jpg,3
2786160.jpg,3
2845693.jpg,3
2825222.jpg,3
2726764.jpg,3
2872099.jpg,3
2032158.jpg,3
2784269.jpg,3
2894583.jpg,3
2804747.jpg,3
1737175.jpg,3
2848697.jpg,3
2718774.jpg,3
1498652.jpg,3
2812139.jpg,3
2835534.jpg,3
1713559.jpg,3
2896448.jpg,3
2856011.jpg,3
2792393.jpg,3
2786240.jpg,3
2851791.jpg,3
2850575.jpg,3
2858002.jpg,3
2858130.jpg,3
2833327.jpg,3
2168636.jpg,3
2841582.jpg,3
2798444.jpg,3
2847717.jpg,3
2896396.jpg,3
2851824.jpg,3
2845703.jpg,2
1893465.jpg,3
2814928.jpg,3
2905614.jpg,3
2847531.jpg,3
2829338.jpg,3
2856696.jpg,3
2833408.jpg,3
2876430.jpg,3
2792289.jpg,3
2796407.jpg,3
2909518.jpg,3
2870063.jpg,3
1630950.jpg,3
2773615.jpg,3
2806236.jpg,3
2859990.jpg,3
2623958.jpg,3
2810538.jpg,3
2060547.jpg,3
2818916.jpg,3
2823073.jpg,3
2674615.jpg,3
2866107.jpg,3
2902700.jpg,3
1609336.jpg,3
2780101.jpg,3
2884405.jpg,3
1615494.jpg,3
2892963.jpg,3
2843365.jpg,3
2868036.jpg,3
1651007.jpg,3
2877287.jpg,3
2792282.jpg,3
2880968.jpg,3
2798412.jpg,3
2888412.jpg,3
2891605.jpg,3
2888414.jpg,3
2823224.jpg,3
2386164.jpg,3
2380817.jpg,3
2900545.jpg,3
928647.jpg,3
2097231.jpg,3
2826732.jpg,3
2851180.jpg,3
2839544.jpg,3
2881205.jpg,3
2894564.jpg,3
2882375.jpg,3
2889733.jpg,3
692458.jpg,3
2800511.jpg,3
2882187.jpg,3
1062001.jpg,3
2835359.jpg,3
2265605.jpg,3
2889233.jpg,3
2784219.jpg,3
2835403.jpg,3
2182983.jpg,3
2796418.jpg,3
2869674.jpg,3
2845744.jpg,3
2852457.jpg,3
2897473.jpg,3
2892558.jpg,3
2837638.jpg,3
1438739.jpg,3
2810813.jpg,3
2855971.jpg,3
2806780.jpg,3
2848832.jpg,3
2695161.jpg,3
2786204.jpg,3
707735.jpg,3
299795.jpg,3
2862095.jpg,3
2892505.jpg,3
2886861.jpg,3
649484.jpg,3
2869063.jpg,3
2802505.jpg,3
2817737.jpg,3
1530484.jpg,3
2847688.jpg,3
2862633.jpg,3
2835456.jpg,3
2022166.jpg,3
2843604.jpg,3
1603850.jpg,3
2160806.jpg,3
2892780.jpg,3
2894801.jpg,3
2874074.jpg,4
1866270.jpg,3
2525039.jpg,3
2837538.jpg,3
2839522.jpg,3
2741468.jpg,3
1162764.jpg,3
1831434.jpg,3
1778222.jpg,3
2065897.jpg,3
1260394.jpg,3
2898515.jpg,3
2808688.jpg,3
2902604.jpg,3
2886029.jpg,3
1703091.jpg,3
2863455.jpg,3
2835457.jpg,3
2770989.jpg,3
2784032.jpg,3
2835402.jpg,3
2808735.jpg,3
1228622.jpg,3
2845745.jpg,3
2827309.jpg,3
2798384.jpg,3
2769644.jpg,3
2860035.jpg,3
2892556.jpg,3
2863914.jpg,3
2898615.jpg,3
2649535.jpg,3
633466.jpg,3
2129132.jpg,3
2866046.jpg,3
2808748.jpg,3
2864233.jpg,3
2867794.jpg,3
2874062.jpg,3
1574789.jpg,3
2845555.jpg,3
2890379.jpg,3
2888448.jpg,3
2876583.jpg,3
2851110.jpg,3
2825142.jpg,3
2892460.jpg,3
2845700.jpg,3
2819028.jpg,3
2626209.jpg,3
2878262.jpg,3
2744087.jpg,3
2829393.jpg,3
2872179.jpg,3
2868603.jpg,3
2868114.jpg,3
2798425.jpg,3
2666174.jpg,3
2902596.jpg,3
2788258.jpg,3
2855935.jpg,3
914029.jpg,3
2847814.jpg,3
2786221.jpg,3
2175711.jpg,3
2808835.jpg,3
2810205.jpg,3
2851884.jpg,3
2880304.jpg,3
2202001.jpg,3
2888505.jpg,3
619771.jpg,4
2851828.jpg,3
2866126.jpg,3
2904589.jpg,3
2827259.jpg,3
2816935.jpg,3
2812823.jpg,3
2712416.jpg,3
2864025.jpg,3
1438737.jpg,3
2851368.jpg,3
2833387.jpg,3
2884424.jpg,3
2857736.jpg,3
2838034.jpg,3
2885158.jpg,3
2800500.jpg,3
2833438.jpg,3
2554103.jpg,3
2902673.jpg,3
2823054.jpg,3
2823230.jpg,3
2837603.jpg,3
2839121.jpg,3
2788260.jpg,3
2825113.jpg,3
2861380.jpg,3
2721373.jpg,3
2784297.jpg,3
1617392.jpg,3
2856537.jpg,2
2894168.jpg,3
2780209.jpg,3
2794437.jpg,3
2788271.jpg,3
2843366.jpg,3
2875059.jpg,3
2849798.jpg,3
2778084.jpg,3
2688639.jpg,3
2894045.jpg,3
2903808.jpg,3
2823119.jpg,3
2868549.jpg,3
2833471.jpg,3
2902557.jpg,3
2837644.jpg,3
2886162.jpg,3
2831418.jpg,3
2784231.jpg,3
2788230.jpg,4
2860009.jpg,3
2792424.jpg,3
2100131.jpg,3
2725122.jpg,3
1703441.jpg,3
2839477.jpg,3
2823084.jpg,3
2819008.jpg,3
615653.jpg,3
2868743.jpg,3
2858005.jpg,3
2270066.jpg,3
2495595.jpg,3
2853117.jpg,3
2788279.jpg,3
2853988.jpg,3
1721331.jpg,3
2812821.jpg,3
2841569.jpg,3
2892542.jpg,3
2792425.jpg,3
2845827.jpg,3
2831272.jpg,3
2845460.jpg,3
2784299.jpg,3
2034169.jpg,3
2810892.jpg,3
2784211.jpg,2
2861916.jpg,3
2812931.jpg,3
2825179.jpg,3
2818931.jpg,3
2899681.jpg,3
2691506.jpg,3
1569560.jpg,3
2844406.jpg,3
2847703.jpg,3
2206376.jpg,3
2810791.jpg,3
2833401.jpg,3
2810893.jpg,3
2722994.jpg,3
1440259.jpg,3
2794348.jpg,3
2798388.jpg,3
2848360.jpg,3
2839561.jpg,3
2864129.jpg,3
2876125.jpg,3
2810795.jpg,3
2232035.jpg,3
2864103.jpg,3
2871978.jpg,3
1722700.jpg,3
2894326.jpg,3
2843676.jpg,3
382937.jpg,3
2804594.jpg,3
2786202.jpg,3
619975.jpg,3
2818924.jpg,3
2837458.jpg,3
2831308.jpg,3
2868162.jpg,3
2780171.jpg,3
2812825.jpg,3
2780208.jpg,3
2864020.jpg,3
2894042.jpg,3
2890985.jpg,3
2798439.jpg,3
2363121.jpg,3
2890382.jpg,3
2848698.jpg,3
2858073.jpg,3
2896585.jpg,3
2837150.jpg,3
2857966.jpg,3
2853132.jpg,3
2854310.jpg,3
2856699.jpg,3
2798475.jpg,3
2837645.jpg,3
2838207.jpg,3
1653945.jpg,3
2878305.jpg,3
2816853.jpg,3
2818933.jpg,3
2866032.jpg,3
792101.jpg,3
2893704.jpg,3
2823078.jpg,3
2860139.jpg,3
2786154.jpg,3
2839563.jpg,3
2829270.jpg,3
2831310.jpg,3
2871201.jpg,3
2866892.jpg,3
1289223.jpg,3
2903739.jpg,3
2289073.jpg,3
2886330.jpg,3
2812824.jpg,3
2870136.jpg,3
2851906.jpg,2
2869062.jpg,3
2878292.jpg,3
317095.jpg,3
2858118.jpg,3
2259527.jpg,3
2095371.jpg,3
2806673.jpg,3
2147837.jpg,3
2298395.jpg,3
1652674.jpg,3
2806750.jpg,3
2835404.jpg,3
2903562.jpg,3
2796425.jpg,2
2810775.jpg,3
2892539.jpg,3
2792421.jpg,3
1920587.jpg,3
2857957.jpg,3
2851866.jpg,3
2875895.jpg,3
2845697.jpg,3
2880217.jpg,3
2252297.jpg,3
2208821.jpg,3
1359851.jpg,3
2800593.jpg,3
2886708.jpg,2
2739099.jpg,3
2898541.jpg,3
2630096.jpg,3
2882289.jpg,3
2827288.jpg,3
2042418.jpg,3
2800424.jpg,3
2825123.jpg,3
1127336.jpg,3
1121306.jpg,3
2882302.jpg,3
2790393.jpg,3
2873223.jpg,3
2908563.jpg,3
2816806.jpg,3
2850974.jpg,3
2829222.jpg,3
2848361.jpg,3
2856698.jpg,3
2899682.jpg,3
660920.jpg,3
2876179.jpg,3
2902687.jpg,3
2215283.jpg,3
2888712.jpg,3
2891027.jpg,3
2690849.jpg,3
950580.jpg,3
2544619.jpg,3
2898526.jpg,3
2761555.jpg,3
2872082.jpg,3
2139689.jpg,3
1603686.jpg,3
2872232.jpg,3
2825208.jpg,3
1905583.jpg,3
2878416.jpg,3
832478.jpg,3
2874140.jpg,3
2808679.jpg,3
2840923.jpg,3
2858014.jpg,3
2891990.jpg,3
1400085.jpg,3
2847574.jpg,3
2851843.jpg,3
2843462.jpg,3
2862024.jpg,3
2862215.jpg,3
2808682.jpg,3
2903561.jpg,3
2863021.jpg,3
2900658.jpg,3
2868237.jpg,3
2802520.jpg,3
751934.jpg,3
2870025.jpg,3
2784242.jpg,3
2350569.jpg,3
2851650.jpg,3
2827167.jpg,3
2831289.jpg,3
2035502.jpg,3
2874046.jpg,3
1798868.jpg,3
2802615.jpg,3
2892464.jpg,3
2127813.jpg,3
2792396.jpg,3
2842785.jpg,3
2790232.jpg,3
2835469.jpg,3
2788233.jpg,2
2800488.jpg,3
2892047.jpg,3
2551841.jpg,3
2767414.jpg,3
2831445.jpg,3
2235313.jpg,3
2704900.jpg,3
2782257.jpg,3
2792403.jpg,3
2888437.jpg,3
2719598.jpg,3
2878877.jpg,3
2866627.jpg,3
1728153.jpg,3
2448030.jpg,3
2839213.jpg,3
2853895.jpg,3
2866160.jpg,3
2877380.jpg,3
2796491.jpg,3
2829291.jpg,3
2890920.jpg,3
2781581.jpg,3
2831333.jpg,3
2904597.jpg,3
2791669.jpg,3
2821068.jpg,3
2876586.jpg,3
2880249.jpg,3
2888491.jpg,3
2829422.jpg,3
2208126.jpg,3
2884437.jpg,3
2677142.jpg,3
1879729.jpg,3
2821137.jpg,3
2872164.jpg,3
1801042.jpg,3
2885617.jpg,3
2894556.jpg,3
2798499.jpg,3
2792389.jpg,3
2878268.jpg,3
2866089.jpg,3
2894548.jpg,3
2823125.jpg,3
2786155.jpg,3
2802631.jpg,3
2560212.jpg,3
2856013.jpg,3
2829317.jpg,3
2882248.jpg,3
2892449.jpg,3
2871348.jpg,3
2839036.jpg,3
2866891.jpg,3
2827303.jpg,3
2792303.jpg,3
2837730.jpg,3
2840824.jpg,3
2784263.jpg,3
2850566.jpg,3
2697803.jpg,3
2802635.jpg,3
2149646.jpg,3
2887262.jpg,3
2829382.jpg,3
2802623.jpg,3
2669787.jpg,3
2842337.jpg,3
2907008.jpg,3
2860048.jpg,3
2898629.jpg,3
2888413.jpg,3
2810465.jpg,3
2808796.jpg,3
2894480.jpg,3
2808786.jpg,3
2787793.jpg,3
2874083.jpg,3
2794307.jpg,3
2868480.jpg,3
2829248.jpg,3
2824360.jpg,3
2851934.jpg,3
2784279.jpg,3
2900108.jpg,3
2892733.jpg,3
2794447.jpg,3
2835517.jpg,3
2237181.jpg,3
2792394.jpg,3
2894378.jpg,3
2876185.jpg,3
2269952.jpg,3
2900156.jpg,3
2892017.jpg,3
2809765.jpg,3
2862026.jpg,3
2823172.jpg,3
2858038.jpg,3
2784278.jpg,3
1895863.jpg,3
2898260.jpg,3
2091937.jpg,3
929534.jpg,3
2843624.jpg,3
1775181.jpg,3
2862612.jpg,3
2792423.jpg,3
2790355.jpg,3
2808815.jpg,3
2858133.jpg,3
2872058.jpg,3
2856023.jpg,3
2882182.jpg,3
2804620.jpg,3
2804753.jpg,3
2823053.jpg,3
2745057.jpg,3
2814896.jpg,3
2818910.jpg,2
2853960.jpg,3
2837907.jpg,3
2294024.jpg,3
2695710.jpg,3
2847707.jpg,3
2858058.jpg,3
2790348.jpg,3
2792285.jpg,3
2894568.jpg,3
2868154.jpg,3
2903349.jpg,3
2847817.jpg,3
2852913.jpg,3
2796405.jpg,3
2829397.jpg,3
2894569.jpg,3
2818917.jpg,3
2861716.jpg,3
2890390.jpg,3
2741686.jpg,3
2810864.jpg,3
2859433.jpg,3
2749028.jpg,3
1642121.jpg,3
2894580.jpg,3
2906025.jpg,3
2792357.jpg,3
2870041.jpg,3
2465197.jpg,3
2827157.jpg,3
2849339.jpg,3
1585259.jpg,3
1324036.jpg,3
2697214.jpg,3
2880185.jpg,3
2712425.jpg,3
2835485.jpg,3
2900648.jpg,3
951323.jpg,3
2496194.jpg,3
2872148.jpg,3
2880290.jpg,3
2884556.jpg,3
2704878.jpg,3
2764012.jpg,3
2366015.jpg,3
2674154.jpg,3
2876683.jpg,3
2109959.jpg,3
2858054.jpg,3
2890478.jpg,3
1289225.jpg,3
2798397.jpg,3
2812917.jpg,3
2821210.jpg,3
2893658.jpg,3
2012365.jpg,3
2702381.jpg,3
2825120.jpg,3
2831407.jpg,3
1250085.jpg,3
2843805.jpg,3
2823215.jpg,3
2376007.jpg,3
2835491.jpg,3
2806614.jpg,3
2806672.jpg,3
2843720.jpg,3
2860097.jpg,3
2807712.jpg,3
2697215.jpg,3
2900599.jpg,3
2856012.jpg,3
2780187.jpg,3
2893535.jpg,3
2896583.jpg,3
2864159.jpg,3
2788289.jpg,2
2798457.jpg,3
2854820.jpg,3
2864156.jpg,3
1334855.jpg,3
2160804.jpg,3
1809831.jpg,3
2798431.jpg,3
2884334.jpg,3
2827146.jpg,3
2844684.jpg,3
2331371.jpg,3
2782260.jpg,3
2818932.jpg,3
2904594.jpg,3
2809762.jpg,3
2881863.jpg,3
2896512.jpg,3
2856080.jpg,2
2902580.jpg,3
1114781.jpg,3
2369442.jpg,2
2848358.jpg,3
2837564.jpg,3
2796426.jpg,2
2900543.jpg,3
2898644.jpg,3
2806701.jpg,3
1263459.jpg,3
2235705.jpg,3
2821083.jpg,3
2798476.jpg,3
2862023.jpg,3
2827127.jpg,3
2784216.jpg,3
1314965.jpg,3
2902710.jpg,3
2884406.jpg,3
682064.jpg,3
2862125.jpg,3
2875069.jpg,3
2821335.jpg,3
2806639.jpg,3
2818907.jpg,3
2878201.jpg,3
2890078.jpg,3
2900569.jpg,3
2804606.jpg,3
1566197.jpg,3
2847758.jpg,3
2835401.jpg,3
2796463.jpg,3
2869061.jpg,3
2723970.jpg,3
2359387.jpg,3
1419049.jpg,3
2891600.jpg,3
2816825.jpg,3
2821023.jpg,3
2843284.jpg,3
633663.jpg,3
2855943.jpg,3
2887250.jpg,3
2834324.jpg,3
2877291.jpg,3
2849861.jpg,3
1545305.jpg,3
2892386.jpg,3
2662131.jpg,3
2884840.jpg,3
2839560.jpg,3
1185778.jpg,3
2880269.jpg,3
2908758.jpg,3
2844682.jpg,3
2908130.jpg,3
2847711.jpg,3
2892302.jpg,3
2835372.jpg,3
1414770.jpg,3
2222503.jpg,3
2825188.jpg,3
2800582.jpg,3
2492388.jpg,3
676917.jpg,3
2183166.jpg,3
1051155.jpg,3
2894847.jpg,3
1527871.jpg,3
2887695.jpg,3
2841708.jpg,3
2780114.jpg,3
2788210.jpg,3
2871873.jpg,3
1445493.jpg,3
2887774.jpg,3
2782247.jpg,3
2823625.jpg,3
2686125.jpg,3
2812907.jpg,3
567497.jpg,3
2860807.jpg,3
2898734.jpg,3
2080583.jpg,3
1548618.jpg,3
2870114.jpg,3
2869704.jpg,3
2831278.jpg,3
2886457.jpg,3
2835435.jpg,3
2841341.jpg,3
2892441.jpg,3
2778081.jpg,3
2841607.jpg,3
1098763.jpg,3
2882372.jpg,3
2790506.jpg,3
2235747.jpg,3
950995.jpg,3
2882258.jpg,3
2827283.jpg,3
2862658.jpg,3
2855976.jpg,3
2804654.jpg,3
2790405.jpg,3
2843922.jpg,3
2804763.jpg,3
2837918.jpg,3
2794436.jpg,3
2843661.jpg,3
1345016.jpg,3
2833446.jpg,3
2866933.jpg,3
2898562.jpg,3
1011369.jpg,3
2890383.jpg,3
2712415.jpg,3
2346158.jpg,3
2877055.jpg,3
2740041.jpg,3
2859565.jpg,3
2896587.jpg,3
2810891.jpg,2
2874070.jpg,3
1342277.jpg,3
2863237.jpg,3
2888443.jpg,3
2837905.jpg,3
2181348.jpg,3
2582893.jpg,3
2841575.jpg,3
2804593.jpg,3
2880277.jpg,3
2874049.jpg,3
2851871.jpg,3
2888429.jpg,3
2843690.jpg,3
2902650.jpg,3
2876172.jpg,3
2823068.jpg,3
1243717.jpg,3
2892411.jpg,3
2810809.jpg,3
1613150.jpg,3
2897279.jpg,3
2719167.jpg,3
2837611.jpg,3
2806622.jpg,3
2866017.jpg,3
2884445.jpg,3
2858138.jpg,3
1556518.jpg,3
2790279.jpg,3
2810136.jpg,3
2845763.jpg,3
2872083.jpg,3
2826226.jpg,3
657560.jpg,3
2870090.jpg,3
2858032.jpg,3
2837647.jpg,3
2879763.jpg,3
2728651.jpg,3
2782181.jpg,3
2816941.jpg,3
2558494.jpg,3
2878157.jpg,3
2896481.jpg,3
2825228.jpg,3
2792439.jpg,3
2512959.jpg,3
2049637.jpg,3
2353183.jpg,3
2837628.jpg,3
2866008.jpg,3
2552779.jpg,3
2897944.jpg,3
2894582.jpg,3
2854020.jpg,3
2851799.jpg,3
2794397.jpg,3
2798371.jpg,3
2814839.jpg,3
828391.jpg,3
2816810.jpg,3
2900579.jpg,3
937491.jpg,3
2788262.jpg,3
2882306.jpg,3
2852944.jpg,3
2898540.jpg,3
2806763.jpg,2
2871444.jpg,3
2894460.jpg,3
2818920.jpg,3
1564564.jpg,3
2843695.jpg,3
2806676.jpg,3
2840925.jpg,3
1539121.jpg,3
2835518.jpg,3
2855946.jpg,3
2800443.jpg,3
2837613.jpg,3
2818949.jpg,2
2802599.jpg,3
2796359.jpg,3
2812710.jpg,3
1896283.jpg,3
2843756.jpg,3
2890468.jpg,3
2808738.jpg,3
2737489.jpg,3
